Supplier name,avg_manufacturing_cost,num_products,total_production_volume
Supplier D,80.51203124999999,128,313246.0
Supplier F,80.34209090909089,110,259676.0
Supplier E,79.21985294117653,136,335468.0
Supplier G,78.48406504065048,123,277137.0
Supplier H,75.00118518518522,135,359692.0
Supplier A,74.14394736842102,114,287429.0
Supplier B,73.79868217054263,129,327926.0
Supplier C,70.85831999999998,125,311805.0
