Product type,avg_defect_rate,num_records,avg_cost
Skincare,5.34080952380952,210,75.09919047619047
Cosmetics,5.142999999999999,190,76.95631578947366
Fragrances,4.950048543689319,206,79.28126213592232
Accessories,4.889950980392157,204,74.0314215686275
Haircare,4.714315789473685,190,77.36115789473683
