Shipping carriers,total_shipping_cost,avg_shipping_cost,avg_shipping_time,num_shipments
FedEx,11099.310000000009,51.148894009216626,7.91917050691244,217
UPS,10715.180000000004,50.54330188679247,8.034528301886793,212
USPS,10476.77,53.452908163265306,7.59607142857143,196
Amazon Logistics,9629.170000000002,51.218989361702135,7.726648936170213,188
DHL,8962.05,47.92540106951871,7.611818181818178,187
