Product type,avg_stock_level,avg_order_quantity,avg_inventory_gap,avg_lead_time
Accessories,544.0294117647059,312.28921568627453,231.74019607843138,16.039950980392163
Fragrances,538.3203883495146,293.1067961165049,245.2135922330097,14.882281553398059
Cosmetics,524.6684210526316,308.9315789473684,215.73684210526315,15.4198947368421
Skincare,523.9619047619047,300.9238095238095,223.03809523809525,15.352761904761909
Haircare,511.13684210526316,320.6,190.53684210526316,14.913315789473684
