Transportation modes,frequency,avg_transportation_cost,avg_shipping_time
Air,261,268.46862068965515,8.059118773946365
Sea,251,275.2501593625498,7.720637450199197
Rail,250,270.9459199999999,7.73856
Road,238,277.54067226890777,7.607899159663861
