Product type,total_profit,avg_profit_per_unit,total_revenue,total_manufacturing_cost,profit_margin_pct
Accessories,5588785.839999998,27396.009019607834,5603888.250000002,15102.410000000009,99.73050122832117
Fragrances,5545811.319999999,26921.41417475728,5562143.2600000035,16331.939999999997,99.70637325871387
Skincare,5531025.0,26338.214285714286,5546795.829999998,15770.83,99.71567675314996
Cosmetics,5101193.600000002,26848.387368421067,5115815.299999998,14621.699999999997,99.7141863194319
Haircare,4869956.900000003,25631.352105263173,4884655.5200000005,14698.619999999999,99.69908584259802
