Supplier name,avg_lead_time,min_lead_time,max_lead_time,num_orders
Supplier E,14.672058823529413,1.18,29.93,136
Supplier B,14.76480620155039,1.02,29.23,129
Supplier A,15.142017543859652,1.03,29.87,114
Supplier C,15.35936,1.47,29.92,125
Supplier G,15.392439024390242,1.9,29.78,123
Supplier F,15.736363636363643,1.61,29.73,110
Supplier H,15.777259259259258,1.4,29.99,135
Supplier D,15.819687500000002,1.0,29.97,128
